sequence_manhattan_length,target_sequence_count
0.0,42
1.0,864
1.1111111111111112,61
1.1666666666666667,3
1.2222222222222223,8
1.3333333333333333,17
1.3888888888888888,4
1.5,1
