sequence_manhattan_length,target_sequence_count
0.0,268
1.0,716
1.0740740740740742,6
1.1481481481481481,7
1.2222222222222223,3
